organizationId,organizationName,clinicName,mobile,email,countryId,country,state,city,pincode,addressLine1,addressType,isActive,createdAt,updatedAt,mobileWithCode
69a6ab7f78007284396be982,DummyTestOrg,murwas clinic 1,8989599953,user_0@gmail.com,6878f552b7df743e0404717e,India,Madhya Pradesh,Murwas,464114,Block - Lateri Line 0,WORK,TRUE,2026-02-13T06:04:18.278Z,2026-03-02T07:39:54.580Z,9.19E+11
69a6ab7f78007284396be982,DummyTestOrg,bhopal clinic 2,8193635107,user_1@gmail.com,6878f552b7df743e0404717e,India,Madhya Pradesh,Bhopal,462001,Block - Lateri Line 1,WORK,TRUE,2026-02-13T06:04:18.278Z,2026-03-02T07:39:54.580Z,9.18E+11
69a6ab7f78007284396be982,DummyTestOrg,jabalpur clinic 3,9020725925,user_2@gmail.com,6878f552b7df743e0404717e,India,Madhya Pradesh,Jabalpur,482001,Block - Arera Line 2,WORK,TRUE,2026-02-13T06:04:18.278Z,2026-03-02T07:39:54.580Z,9.19E+11
69a6ab7f78007284396be982,DummyTestOrg,indore clinic 4,9512648764,user_3@gmail.com,6878f552b7df743e0404717e,India,Madhya Pradesh,Indore,452001,Block - Lateri Line 3,WORK,TRUE,2026-02-13T06:04:18.278Z,2026-03-02T07:39:54.580Z,9.20E+11
69a6ab7f78007284396be982,DummyTestOrg,rewa clinic 5,7092227199,user_4@gmail.com,6878f552b7df743e0404717e,India,Madhya Pradesh,Rewa,486001,Block - Arera Line 4,WORK,TRUE,2026-02-13T06:04:18.278Z,2026-03-02T07:39:54.580Z,9.17E+11
69a6ab7f78007284396be982,DummyTestOrg,bhopal clinic 6,8369109516,user_5@gmail.com,6878f552b7df743e0404717e,India,Madhya Pradesh,Bhopal,462001,Block - Civil Line 5,WORK,TRUE,2026-02-13T06:04:18.278Z,2026-03-02T07:39:54.580Z,9.18E+11
69a6ab7f78007284396be982,DummyTestOrg,ujjain clinic 7,7594415779,user_6@gmail.com,6878f552b7df743e0404717e,India,Madhya Pradesh,Ujjain,456001,Block - Arera Line 6,WORK,TRUE,2026-02-13T06:04:18.278Z,2026-03-02T07:39:54.580Z,9.18E+11
69a6ab7f78007284396be982,DummyTestOrg,gwalior clinic 8,7400866592,user_7@gmail.com,6878f552b7df743e0404717e,India,Madhya Pradesh,Gwalior,474001,Block - Arera Line 7,WORK,TRUE,2026-02-13T06:04:18.278Z,2026-03-02T07:39:54.580Z,9.17E+11
69a6ab7f78007284396be982,DummyTestOrg,ratlam clinic 9,8007112473,user_8@gmail.com,6878f552b7df743e0404717e,India,Madhya Pradesh,Ratlam,457001,Block - Civil Line 8,WORK,TRUE,2026-02-13T06:04:18.278Z,2026-03-02T07:39:54.580Z,9.18E+11
69a6ab7f78007284396be982,DummyTestOrg,indore clinic 10,7459815590,user_9@gmail.com,6878f552b7df743e0404717e,India,Madhya Pradesh,Indore,452001,Block - Civil Line 9,WORK,TRUE,2026-02-13T06:04:18.278Z,2026-03-02T07:39:54.580Z,9.17E+11
69a6ab7f78007284396be982,DummyTestOrg,ujjain clinic 11,8510674951,user_10@gmail.com,6878f552b7df743e0404717e,India,Madhya Pradesh,Ujjain,456001,Block - Vijay Line 10,WORK,TRUE,2026-02-13T06:04:18.278Z,2026-03-02T07:39:54.580Z,9.19E+11
69a6ab7f78007284396be982,DummyTestOrg,indore clinic 12,9958958922,user_11@gmail.com,6878f552b7df743e0404717e,India,Madhya Pradesh,Indore,452001,Block - Arera Line 11,WORK,TRUE,2026-02-13T06:04:18.278Z,2026-03-02T07:39:54.580Z,9.20E+11
69a6ab7f78007284396be982,DummyTestOrg,ratlam clinic 13,7067176357,user_12@gmail.com,6878f552b7df743e0404717e,India,Madhya Pradesh,Ratlam,457001,Block - Lateri Line 12,WORK,TRUE,2026-02-13T06:04:18.278Z,2026-03-02T07:39:54.580Z,9.17E+11
69a6ab7f78007284396be982,DummyTestOrg,ujjain clinic 14,7239406495,user_13@gmail.com,6878f552b7df743e0404717e,India,Madhya Pradesh,Ujjain,456001,Block - Lateri Line 13,WORK,TRUE,2026-02-13T06:04:18.278Z,2026-03-02T07:39:54.580Z,9.17E+11
69a6ab7f78007284396be982,DummyTestOrg,sagar clinic 15,7755775760,user_14@gmail.com,6878f552b7df743e0404717e,India,Madhya Pradesh,Sagar,470001,Block - Civil Line 14,WORK,TRUE,2026-02-13T06:04:18.278Z,2026-03-02T07:39:54.580Z,9.18E+11
69a6ab7f78007284396be982,DummyTestOrg,ratlam clinic 16,7752925402,user_15@gmail.com,6878f552b7df743e0404717e,India,Madhya Pradesh,Ratlam,457001,Block - Lateri Line 15,WORK,TRUE,2026-02-13T06:04:18.278Z,2026-03-02T07:39:54.580Z,9.18E+11
69a6ab7f78007284396be982,DummyTestOrg,murwas clinic 17,8562445104,user_16@gmail.com,6878f552b7df743e0404717e,India,Madhya Pradesh,Murwas,464114,Block - Vijay Line 16,WORK,TRUE,2026-02-13T06:04:18.278Z,2026-03-02T07:39:54.580Z,9.19E+11
69a6ab7f78007284396be982,DummyTestOrg,bhopal clinic 18,8476426019,user_17@gmail.com,6878f552b7df743e0404717e,India,Madhya Pradesh,Bhopal,462001,Block - Lateri Line 17,WORK,TRUE,2026-02-13T06:04:18.278Z,2026-03-02T07:39:54.580Z,9.18E+11
69a6ab7f78007284396be982,DummyTestOrg,gwalior clinic 19,9379466416,user_18@gmail.com,6878f552b7df743e0404717e,India,Madhya Pradesh,Gwalior,474001,Block - Lateri Line 18,WORK,TRUE,2026-02-13T06:04:18.278Z,2026-03-02T07:39:54.580Z,9.19E+11
69a6ab7f78007284396be982,DummyTestOrg,sagar clinic 20,7672427505,user_19@gmail.com,6878f552b7df743e0404717e,India,Madhya Pradesh,Sagar,470001,Block - Vijay Line 19,WORK,TRUE,2026-02-13T06:04:18.278Z,2026-03-02T07:39:54.580Z,9.18E+11
69a6ab7f78007284396be982,DummyTestOrg,ratlam clinic 21,7811679201,user_20@gmail.com,6878f552b7df743e0404717e,India,Madhya Pradesh,Ratlam,457001,Block - Vijay Line 20,WORK,TRUE,2026-02-13T06:04:18.278Z,2026-03-02T07:39:54.580Z,9.18E+11
69a6ab7f78007284396be982,DummyTestOrg,indore clinic 22,9799713770,user_21@gmail.com,6878f552b7df743e0404717e,India,Madhya Pradesh,Indore,452001,Block - Lateri Line 21,WORK,TRUE,2026-02-13T06:04:18.278Z,2026-03-02T07:39:54.580Z,9.20E+11
69a6ab7f78007284396be982,DummyTestOrg,indore clinic 23,9662837373,user_22@gmail.com,6878f552b7df743e0404717e,India,Madhya Pradesh,Indore,452001,Block - Lateri Line 22,WORK,TRUE,2026-02-13T06:04:18.278Z,2026-03-02T07:39:54.580Z,9.20E+11
69a6ab7f78007284396be982,DummyTestOrg,murwas clinic 24,7079220885,user_23@gmail.com,6878f552b7df743e0404717e,India,Madhya Pradesh,Murwas,464114,Block - Lateri Line 23,WORK,TRUE,2026-02-13T06:04:18.278Z,2026-03-02T07:39:54.580Z,9.17E+11
69a6ab7f78007284396be982,DummyTestOrg,bhopal clinic 25,9472874331,user_24@gmail.com,6878f552b7df743e0404717e,India,Madhya Pradesh,Bhopal,462001,Block - Vijay Line 24,WORK,TRUE,2026-02-13T06:04:18.278Z,2026-03-02T07:39:54.580Z,9.19E+11
69a6ab7f78007284396be982,DummyTestOrg,murwas clinic 26,7589026587,user_25@gmail.com,6878f552b7df743e0404717e,India,Madhya Pradesh,Murwas,464114,Block - Arera Line 25,WORK,TRUE,2026-02-13T06:04:18.278Z,2026-03-02T07:39:54.580Z,9.18E+11
69a6ab7f78007284396be982,DummyTestOrg,bhopal clinic 27,7074447751,user_26@gmail.com,6878f552b7df743e0404717e,India,Madhya Pradesh,Bhopal,462001,Block - Lateri Line 26,WORK,TRUE,2026-02-13T06:04:18.278Z,2026-03-02T07:39:54.580Z,9.17E+11
69a6ab7f78007284396be982,DummyTestOrg,ujjain clinic 28,7758813078,user_27@gmail.com,6878f552b7df743e0404717e,India,Madhya Pradesh,Ujjain,456001,Block - Civil Line 27,WORK,TRUE,2026-02-13T06:04:18.278Z,2026-03-02T07:39:54.580Z,9.18E+11
69a6ab7f78007284396be982,DummyTestOrg,ujjain clinic 29,7610331816,user_28@gmail.com,6878f552b7df743e0404717e,India,Madhya Pradesh,Ujjain,456001,Block - Civil Line 28,WORK,TRUE,2026-02-13T06:04:18.278Z,2026-03-02T07:39:54.580Z,9.18E+11
69a6ab7f78007284396be982,DummyTestOrg,gwalior clinic 30,9409233966,user_29@gmail.com,6878f552b7df743e0404717e,India,Madhya Pradesh,Gwalior,474001,Block - Lateri Line 29,WORK,TRUE,2026-02-13T06:04:18.278Z,2026-03-02T07:39:54.580Z,9.19E+11
69a6ab7f78007284396be982,DummyTestOrg,sagar clinic 31,7126916615,user_30@gmail.com,6878f552b7df743e0404717e,India,Madhya Pradesh,Sagar,470001,Block - Lateri Line 30,WORK,TRUE,2026-02-13T06:04:18.278Z,2026-03-02T07:39:54.580Z,9.17E+11
69a6ab7f78007284396be982,DummyTestOrg,bhopal clinic 32,8250909394,user_31@gmail.com,6878f552b7df743e0404717e,India,Madhya Pradesh,Bhopal,462001,Block - Arera Line 31,WORK,TRUE,2026-02-13T06:04:18.278Z,2026-03-02T07:39:54.580Z,9.18E+11
69a6ab7f78007284396be982,DummyTestOrg,rewa clinic 33,8703608054,user_32@gmail.com,6878f552b7df743e0404717e,India,Madhya Pradesh,Rewa,486001,Block - Vijay Line 32,WORK,TRUE,2026-02-13T06:04:18.278Z,2026-03-02T07:39:54.580Z,9.19E+11
69a6ab7f78007284396be982,DummyTestOrg,sagar clinic 34,7083671320,user_33@gmail.com,6878f552b7df743e0404717e,India,Madhya Pradesh,Sagar,470001,Block - Arera Line 33,WORK,TRUE,2026-02-13T06:04:18.278Z,2026-03-02T07:39:54.580Z,9.17E+11
69a6ab7f78007284396be982,DummyTestOrg,gwalior clinic 35,8896635919,user_34@gmail.com,6878f552b7df743e0404717e,India,Madhya Pradesh,Gwalior,474001,Block - Lateri Line 34,WORK,TRUE,2026-02-13T06:04:18.278Z,2026-03-02T07:39:54.580Z,9.19E+11
69a6ab7f78007284396be982,DummyTestOrg,indore clinic 36,9031933252,user_35@gmail.com,6878f552b7df743e0404717e,India,Madhya Pradesh,Indore,452001,Block - Arera Line 35,WORK,TRUE,2026-02-13T06:04:18.278Z,2026-03-02T07:39:54.580Z,9.19E+11
69a6ab7f78007284396be982,DummyTestOrg,gwalior clinic 37,9485005692,user_36@gmail.com,6878f552b7df743e0404717e,India,Madhya Pradesh,Gwalior,474001,Block - Civil Line 36,WORK,TRUE,2026-02-13T06:04:18.278Z,2026-03-02T07:39:54.580Z,9.19E+11
69a6ab7f78007284396be982,DummyTestOrg,ujjain clinic 38,8655670032,user_37@gmail.com,6878f552b7df743e0404717e,India,Madhya Pradesh,Ujjain,456001,Block - Vijay Line 37,WORK,TRUE,2026-02-13T06:04:18.278Z,2026-03-02T07:39:54.580Z,9.19E+11
69a6ab7f78007284396be982,DummyTestOrg,ujjain clinic 39,8577597771,user_38@gmail.com,6878f552b7df743e0404717e,India,Madhya Pradesh,Ujjain,456001,Block - Civil Line 38,WORK,TRUE,2026-02-13T06:04:18.278Z,2026-03-02T07:39:54.580Z,9.19E+11
69a6ab7f78007284396be982,DummyTestOrg,jabalpur clinic 40,7227988418,user_39@gmail.com,6878f552b7df743e0404717e,India,Madhya Pradesh,Jabalpur,482001,Block - Vijay Line 39,WORK,TRUE,2026-02-13T06:04:18.278Z,2026-03-02T07:39:54.580Z,9.17E+11
69a6ab7f78007284396be982,DummyTestOrg,gwalior clinic 41,8933519353,user_40@gmail.com,6878f552b7df743e0404717e,India,Madhya Pradesh,Gwalior,474001,Block - Lateri Line 40,WORK,TRUE,2026-02-13T06:04:18.278Z,2026-03-02T07:39:54.580Z,9.19E+11
69a6ab7f78007284396be982,DummyTestOrg,rewa clinic 42,9759036951,user_41@gmail.com,6878f552b7df743e0404717e,India,Madhya Pradesh,Rewa,486001,Block - Vijay Line 41,WORK,TRUE,2026-02-13T06:04:18.278Z,2026-03-02T07:39:54.580Z,9.20E+11
69a6ab7f78007284396be982,DummyTestOrg,indore clinic 43,9351651716,user_42@gmail.com,6878f552b7df743e0404717e,India,Madhya Pradesh,Indore,452001,Block - Arera Line 42,WORK,TRUE,2026-02-13T06:04:18.278Z,2026-03-02T07:39:54.580Z,9.19E+11
69a6ab7f78007284396be982,DummyTestOrg,murwas clinic 44,9105639702,user_43@gmail.com,6878f552b7df743e0404717e,India,Madhya Pradesh,Murwas,464114,Block - Lateri Line 43,WORK,TRUE,2026-02-13T06:04:18.278Z,2026-03-02T07:39:54.580Z,9.19E+11
69a6ab7f78007284396be982,DummyTestOrg,rewa clinic 45,7571112378,user_44@gmail.com,6878f552b7df743e0404717e,India,Madhya Pradesh,Rewa,486001,Block - Arera Line 44,WORK,TRUE,2026-02-13T06:04:18.278Z,2026-03-02T07:39:54.580Z,9.18E+11
69a6ab7f78007284396be982,DummyTestOrg,murwas clinic 46,7313736358,user_45@gmail.com,6878f552b7df743e0404717e,India,Madhya Pradesh,Murwas,464114,Block - Lateri Line 45,WORK,TRUE,2026-02-13T06:04:18.278Z,2026-03-02T07:39:54.580Z,9.17E+11
69a6ab7f78007284396be982,DummyTestOrg,murwas clinic 47,8973259326,user_46@gmail.com,6878f552b7df743e0404717e,India,Madhya Pradesh,Murwas,464114,Block - Arera Line 46,WORK,TRUE,2026-02-13T06:04:18.278Z,2026-03-02T07:39:54.580Z,9.19E+11
69a6ab7f78007284396be982,DummyTestOrg,indore clinic 48,7009772657,user_47@gmail.com,6878f552b7df743e0404717e,India,Madhya Pradesh,Indore,452001,Block - Vijay Line 47,WORK,TRUE,2026-02-13T06:04:18.278Z,2026-03-02T07:39:54.580Z,9.17E+11
69a6ab7f78007284396be982,DummyTestOrg,gwalior clinic 49,7201448608,user_48@gmail.com,6878f552b7df743e0404717e,India,Madhya Pradesh,Gwalior,474001,Block - Vijay Line 48,WORK,TRUE,2026-02-13T06:04:18.278Z,2026-03-02T07:39:54.580Z,9.17E+11
69a6ab7f78007284396be982,DummyTestOrg,rewa clinic 50,9333441097,user_49@gmail.com,6878f552b7df743e0404717e,India,Madhya Pradesh,Rewa,486001,Block - Civil Line 49,WORK,TRUE,2026-02-13T06:04:18.278Z,2026-03-02T07:39:54.580Z,9.19E+11
69a6ab7f78007284396be982,DummyTestOrg,sagar clinic 51,9393517209,user_50@gmail.com,6878f552b7df743e0404717e,India,Madhya Pradesh,Sagar,470001,Block - Civil Line 50,WORK,TRUE,2026-02-13T06:04:18.278Z,2026-03-02T07:39:54.580Z,9.19E+11
69a6ab7f78007284396be982,DummyTestOrg,sagar clinic 52,7425837564,user_51@gmail.com,6878f552b7df743e0404717e,India,Madhya Pradesh,Sagar,470001,Block - Vijay Line 51,WORK,TRUE,2026-02-13T06:04:18.278Z,2026-03-02T07:39:54.580Z,9.17E+11
69a6ab7f78007284396be982,DummyTestOrg,jabalpur clinic 53,9565300263,user_52@gmail.com,6878f552b7df743e0404717e,India,Madhya Pradesh,Jabalpur,482001,Block - Arera Line 52,WORK,TRUE,2026-02-13T06:04:18.278Z,2026-03-02T07:39:54.580Z,9.20E+11
69a6ab7f78007284396be982,DummyTestOrg,bhopal clinic 54,9761292030,user_53@gmail.com,6878f552b7df743e0404717e,India,Madhya Pradesh,Bhopal,462001,Block - Vijay Line 53,WORK,TRUE,2026-02-13T06:04:18.278Z,2026-03-02T07:39:54.580Z,9.20E+11
69a6ab7f78007284396be982,DummyTestOrg,indore clinic 55,8614129512,user_54@gmail.com,6878f552b7df743e0404717e,India,Madhya Pradesh,Indore,452001,Block - Arera Line 54,WORK,TRUE,2026-02-13T06:04:18.278Z,2026-03-02T07:39:54.580Z,9.19E+11
69a6ab7f78007284396be982,DummyTestOrg,bhopal clinic 56,8683442010,user_55@gmail.com,6878f552b7df743e0404717e,India,Madhya Pradesh,Bhopal,462001,Block - Civil Line 55,WORK,TRUE,2026-02-13T06:04:18.278Z,2026-03-02T07:39:54.580Z,9.19E+11
69a6ab7f78007284396be982,DummyTestOrg,bhopal clinic 57,8388298041,user_56@gmail.com,6878f552b7df743e0404717e,India,Madhya Pradesh,Bhopal,462001,Block - Lateri Line 56,WORK,TRUE,2026-02-13T06:04:18.278Z,2026-03-02T07:39:54.580Z,9.18E+11
69a6ab7f78007284396be982,DummyTestOrg,bhopal clinic 58,7225974409,user_57@gmail.com,6878f552b7df743e0404717e,India,Madhya Pradesh,Bhopal,462001,Block - Vijay Line 57,WORK,TRUE,2026-02-13T06:04:18.278Z,2026-03-02T07:39:54.580Z,9.17E+11
69a6ab7f78007284396be982,DummyTestOrg,rewa clinic 59,9604790659,user_58@gmail.com,6878f552b7df743e0404717e,India,Madhya Pradesh,Rewa,486001,Block - Civil Line 58,WORK,TRUE,2026-02-13T06:04:18.278Z,2026-03-02T07:39:54.580Z,9.20E+11
69a6ab7f78007284396be982,DummyTestOrg,gwalior clinic 60,9592585459,user_59@gmail.com,6878f552b7df743e0404717e,India,Madhya Pradesh,Gwalior,474001,Block - Vijay Line 59,WORK,TRUE,2026-02-13T06:04:18.278Z,2026-03-02T07:39:54.580Z,9.20E+11
69a6ab7f78007284396be982,DummyTestOrg,bhopal clinic 61,9604615039,user_60@gmail.com,6878f552b7df743e0404717e,India,Madhya Pradesh,Bhopal,462001,Block - Vijay Line 60,WORK,TRUE,2026-02-13T06:04:18.278Z,2026-03-02T07:39:54.580Z,9.20E+11
69a6ab7f78007284396be982,DummyTestOrg,bhopal clinic 62,8033902918,user_61@gmail.com,6878f552b7df743e0404717e,India,Madhya Pradesh,Bhopal,462001,Block - Vijay Line 61,WORK,TRUE,2026-02-13T06:04:18.278Z,2026-03-02T07:39:54.580Z,9.18E+11
69a6ab7f78007284396be982,DummyTestOrg,indore clinic 63,8827169039,user_62@gmail.com,6878f552b7df743e0404717e,India,Madhya Pradesh,Indore,452001,Block - Civil Line 62,WORK,TRUE,2026-02-13T06:04:18.278Z,2026-03-02T07:39:54.580Z,9.19E+11
69a6ab7f78007284396be982,DummyTestOrg,jabalpur clinic 64,8753044304,user_63@gmail.com,6878f552b7df743e0404717e,India,Madhya Pradesh,Jabalpur,482001,Block - Lateri Line 63,WORK,TRUE,2026-02-13T06:04:18.278Z,2026-03-02T07:39:54.580Z,9.19E+11
69a6ab7f78007284396be982,DummyTestOrg,murwas clinic 65,7111973182,user_64@gmail.com,6878f552b7df743e0404717e,India,Madhya Pradesh,Murwas,464114,Block - Arera Line 64,WORK,TRUE,2026-02-13T06:04:18.278Z,2026-03-02T07:39:54.580Z,9.17E+11
69a6ab7f78007284396be982,DummyTestOrg,murwas clinic 66,9041180315,user_65@gmail.com,6878f552b7df743e0404717e,India,Madhya Pradesh,Murwas,464114,Block - Civil Line 65,WORK,TRUE,2026-02-13T06:04:18.278Z,2026-03-02T07:39:54.580Z,9.19E+11
69a6ab7f78007284396be982,DummyTestOrg,gwalior clinic 67,9739373460,user_66@gmail.com,6878f552b7df743e0404717e,India,Madhya Pradesh,Gwalior,474001,Block - Lateri Line 66,WORK,TRUE,2026-02-13T06:04:18.278Z,2026-03-02T07:39:54.580Z,9.20E+11
69a6ab7f78007284396be982,DummyTestOrg,ratlam clinic 68,9538915965,user_67@gmail.com,6878f552b7df743e0404717e,India,Madhya Pradesh,Ratlam,457001,Block - Arera Line 67,WORK,TRUE,2026-02-13T06:04:18.278Z,2026-03-02T07:39:54.580Z,9.20E+11
69a6ab7f78007284396be982,DummyTestOrg,rewa clinic 69,8050261116,user_68@gmail.com,6878f552b7df743e0404717e,India,Madhya Pradesh,Rewa,486001,Block - Civil Line 68,WORK,TRUE,2026-02-13T06:04:18.278Z,2026-03-02T07:39:54.580Z,9.18E+11
69a6ab7f78007284396be982,DummyTestOrg,murwas clinic 70,8586424056,user_69@gmail.com,6878f552b7df743e0404717e,India,Madhya Pradesh,Murwas,464114,Block - Civil Line 69,WORK,TRUE,2026-02-13T06:04:18.278Z,2026-03-02T07:39:54.580Z,9.19E+11
69a6ab7f78007284396be982,DummyTestOrg,indore clinic 71,9576030199,user_70@gmail.com,6878f552b7df743e0404717e,India,Madhya Pradesh,Indore,452001,Block - Civil Line 70,WORK,TRUE,2026-02-13T06:04:18.278Z,2026-03-02T07:39:54.580Z,9.20E+11
69a6ab7f78007284396be982,DummyTestOrg,indore clinic 72,9055373663,user_71@gmail.com,6878f552b7df743e0404717e,India,Madhya Pradesh,Indore,452001,Block - Arera Line 71,WORK,TRUE,2026-02-13T06:04:18.278Z,2026-03-02T07:39:54.580Z,9.19E+11
69a6ab7f78007284396be982,DummyTestOrg,ratlam clinic 73,7222399830,user_72@gmail.com,6878f552b7df743e0404717e,India,Madhya Pradesh,Ratlam,457001,Block - Civil Line 72,WORK,TRUE,2026-02-13T06:04:18.278Z,2026-03-02T07:39:54.580Z,9.17E+11
69a6ab7f78007284396be982,DummyTestOrg,gwalior clinic 74,7614071830,user_73@gmail.com,6878f552b7df743e0404717e,India,Madhya Pradesh,Gwalior,474001,Block - Arera Line 73,WORK,TRUE,2026-02-13T06:04:18.278Z,2026-03-02T07:39:54.580Z,9.18E+11
69a6ab7f78007284396be982,DummyTestOrg,murwas clinic 75,8406152334,user_74@gmail.com,6878f552b7df743e0404717e,India,Madhya Pradesh,Murwas,464114,Block - Lateri Line 74,WORK,TRUE,2026-02-13T06:04:18.278Z,2026-03-02T07:39:54.580Z,9.18E+11
69a6ab7f78007284396be982,DummyTestOrg,murwas clinic 76,9136804331,user_75@gmail.com,6878f552b7df743e0404717e,India,Madhya Pradesh,Murwas,464114,Block - Civil Line 75,WORK,TRUE,2026-02-13T06:04:18.278Z,2026-03-02T07:39:54.580Z,9.19E+11
69a6ab7f78007284396be982,DummyTestOrg,bhopal clinic 77,8796195683,user_76@gmail.com,6878f552b7df743e0404717e,India,Madhya Pradesh,Bhopal,462001,Block - Civil Line 76,WORK,TRUE,2026-02-13T06:04:18.278Z,2026-03-02T07:39:54.580Z,9.19E+11
69a6ab7f78007284396be982,DummyTestOrg,murwas clinic 78,8048189927,user_77@gmail.com,6878f552b7df743e0404717e,India,Madhya Pradesh,Murwas,464114,Block - Civil Line 77,WORK,TRUE,2026-02-13T06:04:18.278Z,2026-03-02T07:39:54.580Z,9.18E+11
69a6ab7f78007284396be982,DummyTestOrg,murwas clinic 79,9056888643,user_78@gmail.com,6878f552b7df743e0404717e,India,Madhya Pradesh,Murwas,464114,Block - Civil Line 78,WORK,TRUE,2026-02-13T06:04:18.278Z,2026-03-02T07:39:54.580Z,9.19E+11
69a6ab7f78007284396be982,DummyTestOrg,ratlam clinic 80,8540255803,user_79@gmail.com,6878f552b7df743e0404717e,India,Madhya Pradesh,Ratlam,457001,Block - Vijay Line 79,WORK,TRUE,2026-02-13T06:04:18.278Z,2026-03-02T07:39:54.580Z,9.19E+11
69a6ab7f78007284396be982,DummyTestOrg,indore clinic 81,8175600334,user_80@gmail.com,6878f552b7df743e0404717e,India,Madhya Pradesh,Indore,452001,Block - Lateri Line 80,WORK,TRUE,2026-02-13T06:04:18.278Z,2026-03-02T07:39:54.580Z,9.18E+11
69a6ab7f78007284396be982,DummyTestOrg,ratlam clinic 82,8848879442,user_81@gmail.com,6878f552b7df743e0404717e,India,Madhya Pradesh,Ratlam,457001,Block - Arera Line 81,WORK,TRUE,2026-02-13T06:04:18.278Z,2026-03-02T07:39:54.580Z,9.19E+11
69a6ab7f78007284396be982,DummyTestOrg,jabalpur clinic 83,8743467378,user_82@gmail.com,6878f552b7df743e0404717e,India,Madhya Pradesh,Jabalpur,482001,Block - Civil Line 82,WORK,TRUE,2026-02-13T06:04:18.278Z,2026-03-02T07:39:54.580Z,9.19E+11
69a6ab7f78007284396be982,DummyTestOrg,indore clinic 84,7842150428,user_83@gmail.com,6878f552b7df743e0404717e,India,Madhya Pradesh,Indore,452001,Block - Lateri Line 83,WORK,TRUE,2026-02-13T06:04:18.278Z,2026-03-02T07:39:54.580Z,9.18E+11
69a6ab7f78007284396be982,DummyTestOrg,sagar clinic 85,8137608564,user_84@gmail.com,6878f552b7df743e0404717e,India,Madhya Pradesh,Sagar,470001,Block - Arera Line 84,WORK,TRUE,2026-02-13T06:04:18.278Z,2026-03-02T07:39:54.580Z,9.18E+11
69a6ab7f78007284396be982,DummyTestOrg,indore clinic 86,9071237824,user_85@gmail.com,6878f552b7df743e0404717e,India,Madhya Pradesh,Indore,452001,Block - Lateri Line 85,WORK,TRUE,2026-02-13T06:04:18.278Z,2026-03-02T07:39:54.580Z,9.19E+11
69a6ab7f78007284396be982,DummyTestOrg,ratlam clinic 87,8228483045,user_86@gmail.com,6878f552b7df743e0404717e,India,Madhya Pradesh,Ratlam,457001,Block - Arera Line 86,WORK,TRUE,2026-02-13T06:04:18.278Z,2026-03-02T07:39:54.580Z,9.18E+11
69a6ab7f78007284396be982,DummyTestOrg,ujjain clinic 88,8010664589,user_87@gmail.com,6878f552b7df743e0404717e,India,Madhya Pradesh,Ujjain,456001,Block - Lateri Line 87,WORK,TRUE,2026-02-13T06:04:18.278Z,2026-03-02T07:39:54.580Z,9.18E+11
69a6ab7f78007284396be982,DummyTestOrg,indore clinic 89,8817836913,user_88@gmail.com,6878f552b7df743e0404717e,India,Madhya Pradesh,Indore,452001,Block - Arera Line 88,WORK,TRUE,2026-02-13T06:04:18.278Z,2026-03-02T07:39:54.580Z,9.19E+11
69a6ab7f78007284396be982,DummyTestOrg,bhopal clinic 90,9858828140,user_89@gmail.com,6878f552b7df743e0404717e,India,Madhya Pradesh,Bhopal,462001,Block - Arera Line 89,WORK,TRUE,2026-02-13T06:04:18.278Z,2026-03-02T07:39:54.580Z,9.20E+11
69a6ab7f78007284396be982,DummyTestOrg,murwas clinic 91,7813289559,user_90@gmail.com,6878f552b7df743e0404717e,India,Madhya Pradesh,Murwas,464114,Block - Civil Line 90,WORK,TRUE,2026-02-13T06:04:18.278Z,2026-03-02T07:39:54.580Z,9.18E+11
69a6ab7f78007284396be982,DummyTestOrg,ujjain clinic 92,7696286601,user_91@gmail.com,6878f552b7df743e0404717e,India,Madhya Pradesh,Ujjain,456001,Block - Civil Line 91,WORK,TRUE,2026-02-13T06:04:18.278Z,2026-03-02T07:39:54.580Z,9.18E+11
69a6ab7f78007284396be982,DummyTestOrg,ujjain clinic 93,8840619994,user_92@gmail.com,6878f552b7df743e0404717e,India,Madhya Pradesh,Ujjain,456001,Block - Lateri Line 92,WORK,TRUE,2026-02-13T06:04:18.278Z,2026-03-02T07:39:54.580Z,9.19E+11
69a6ab7f78007284396be982,DummyTestOrg,murwas clinic 94,9925244207,user_93@gmail.com,6878f552b7df743e0404717e,India,Madhya Pradesh,Murwas,464114,Block - Arera Line 93,WORK,TRUE,2026-02-13T06:04:18.278Z,2026-03-02T07:39:54.580Z,9.20E+11
69a6ab7f78007284396be982,DummyTestOrg,jabalpur clinic 95,8102300882,user_94@gmail.com,6878f552b7df743e0404717e,India,Madhya Pradesh,Jabalpur,482001,Block - Lateri Line 94,WORK,TRUE,2026-02-13T06:04:18.278Z,2026-03-02T07:39:54.580Z,9.18E+11
69a6ab7f78007284396be982,DummyTestOrg,ujjain clinic 96,8104111649,user_95@gmail.com,6878f552b7df743e0404717e,India,Madhya Pradesh,Ujjain,456001,Block - Vijay Line 95,WORK,TRUE,2026-02-13T06:04:18.278Z,2026-03-02T07:39:54.580Z,9.18E+11
69a6ab7f78007284396be982,DummyTestOrg,jabalpur clinic 97,8479435678,user_96@gmail.com,6878f552b7df743e0404717e,India,Madhya Pradesh,Jabalpur,482001,Block - Arera Line 96,WORK,TRUE,2026-02-13T06:04:18.278Z,2026-03-02T07:39:54.580Z,9.18E+11
69a6ab7f78007284396be982,DummyTestOrg,rewa clinic 98,8668991175,user_97@gmail.com,6878f552b7df743e0404717e,India,Madhya Pradesh,Rewa,486001,Block - Lateri Line 97,WORK,TRUE,2026-02-13T06:04:18.278Z,2026-03-02T07:39:54.580Z,9.19E+11
69a6ab7f78007284396be982,DummyTestOrg,indore clinic 99,9666389478,user_98@gmail.com,6878f552b7df743e0404717e,India,Madhya Pradesh,Indore,452001,Block - Civil Line 98,WORK,TRUE,2026-02-13T06:04:18.278Z,2026-03-02T07:39:54.580Z,9.20E+11
69a6ab7f78007284396be982,DummyTestOrg,ratlam clinic 100,9063411399,user_99@gmail.com,6878f552b7df743e0404717e,India,Madhya Pradesh,Ratlam,457001,Block - Lateri Line 99,WORK,TRUE,2026-02-13T06:04:18.278Z,2026-03-02T07:39:54.580Z,9.19E+11
69a6ab7f78007284396be982,DummyTestOrg,rewa clinic 101,7639994823,user_100@gmail.com,6878f552b7df743e0404717e,India,Madhya Pradesh,Rewa,486001,Block - Vijay Line 100,WORK,TRUE,2026-02-13T06:04:18.278Z,2026-03-02T07:39:54.580Z,9.18E+11
69a6ab7f78007284396be982,DummyTestOrg,ujjain clinic 102,9909669265,user_101@gmail.com,6878f552b7df743e0404717e,India,Madhya Pradesh,Ujjain,456001,Block - Civil Line 101,WORK,TRUE,2026-02-13T06:04:18.278Z,2026-03-02T07:39:54.580Z,9.20E+11
69a6ab7f78007284396be982,DummyTestOrg,rewa clinic 103,9669666614,user_102@gmail.com,6878f552b7df743e0404717e,India,Madhya Pradesh,Rewa,486001,Block - Civil Line 102,WORK,TRUE,2026-02-13T06:04:18.278Z,2026-03-02T07:39:54.580Z,9.20E+11
69a6ab7f78007284396be982,DummyTestOrg,ujjain clinic 104,7873930850,user_103@gmail.com,6878f552b7df743e0404717e,India,Madhya Pradesh,Ujjain,456001,Block - Civil Line 103,WORK,TRUE,2026-02-13T06:04:18.278Z,2026-03-02T07:39:54.580Z,9.18E+11
69a6ab7f78007284396be982,DummyTestOrg,bhopal clinic 105,7277147140,user_104@gmail.com,6878f552b7df743e0404717e,India,Madhya Pradesh,Bhopal,462001,Block - Civil Line 104,WORK,TRUE,2026-02-13T06:04:18.278Z,2026-03-02T07:39:54.580Z,9.17E+11
69a6ab7f78007284396be982,DummyTestOrg,sagar clinic 106,8077234307,user_105@gmail.com,6878f552b7df743e0404717e,India,Madhya Pradesh,Sagar,470001,Block - Arera Line 105,WORK,TRUE,2026-02-13T06:04:18.278Z,2026-03-02T07:39:54.580Z,9.18E+11
69a6ab7f78007284396be982,DummyTestOrg,indore clinic 107,9522728659,user_106@gmail.com,6878f552b7df743e0404717e,India,Madhya Pradesh,Indore,452001,Block - Vijay Line 106,WORK,TRUE,2026-02-13T06:04:18.278Z,2026-03-02T07:39:54.580Z,9.20E+11
69a6ab7f78007284396be982,DummyTestOrg,ujjain clinic 108,7683300220,user_107@gmail.com,6878f552b7df743e0404717e,India,Madhya Pradesh,Ujjain,456001,Block - Arera Line 107,WORK,TRUE,2026-02-13T06:04:18.278Z,2026-03-02T07:39:54.580Z,9.18E+11
69a6ab7f78007284396be982,DummyTestOrg,gwalior clinic 109,9948972137,user_108@gmail.com,6878f552b7df743e0404717e,India,Madhya Pradesh,Gwalior,474001,Block - Vijay Line 108,WORK,TRUE,2026-02-13T06:04:18.278Z,2026-03-02T07:39:54.580Z,9.20E+11
69a6ab7f78007284396be982,DummyTestOrg,rewa clinic 110,8302674201,user_109@gmail.com,6878f552b7df743e0404717e,India,Madhya Pradesh,Rewa,486001,Block - Civil Line 109,WORK,TRUE,2026-02-13T06:04:18.278Z,2026-03-02T07:39:54.580Z,9.18E+11
69a6ab7f78007284396be982,DummyTestOrg,murwas clinic 111,8087701487,user_110@gmail.com,6878f552b7df743e0404717e,India,Madhya Pradesh,Murwas,464114,Block - Civil Line 110,WORK,TRUE,2026-02-13T06:04:18.278Z,2026-03-02T07:39:54.580Z,9.18E+11
69a6ab7f78007284396be982,DummyTestOrg,bhopal clinic 112,9857362991,user_111@gmail.com,6878f552b7df743e0404717e,India,Madhya Pradesh,Bhopal,462001,Block - Civil Line 111,WORK,TRUE,2026-02-13T06:04:18.278Z,2026-03-02T07:39:54.580Z,9.20E+11
69a6ab7f78007284396be982,DummyTestOrg,jabalpur clinic 113,7694581908,user_112@gmail.com,6878f552b7df743e0404717e,India,Madhya Pradesh,Jabalpur,482001,Block - Arera Line 112,WORK,TRUE,2026-02-13T06:04:18.278Z,2026-03-02T07:39:54.580Z,9.18E+11
69a6ab7f78007284396be982,DummyTestOrg,bhopal clinic 114,7952881674,user_113@gmail.com,6878f552b7df743e0404717e,India,Madhya Pradesh,Bhopal,462001,Block - Arera Line 113,WORK,TRUE,2026-02-13T06:04:18.278Z,2026-03-02T07:39:54.580Z,9.18E+11
69a6ab7f78007284396be982,DummyTestOrg,ujjain clinic 115,9890230861,user_114@gmail.com,6878f552b7df743e0404717e,India,Madhya Pradesh,Ujjain,456001,Block - Civil Line 114,WORK,TRUE,2026-02-13T06:04:18.278Z,2026-03-02T07:39:54.580Z,9.20E+11
69a6ab7f78007284396be982,DummyTestOrg,sagar clinic 116,9513152960,user_115@gmail.com,6878f552b7df743e0404717e,India,Madhya Pradesh,Sagar,470001,Block - Vijay Line 115,WORK,TRUE,2026-02-13T06:04:18.278Z,2026-03-02T07:39:54.580Z,9.20E+11
69a6ab7f78007284396be982,DummyTestOrg,ratlam clinic 117,7829571738,user_116@gmail.com,6878f552b7df743e0404717e,India,Madhya Pradesh,Ratlam,457001,Block - Vijay Line 116,WORK,TRUE,2026-02-13T06:04:18.278Z,2026-03-02T07:39:54.580Z,9.18E+11
69a6ab7f78007284396be982,DummyTestOrg,murwas clinic 118,8393775486,user_117@gmail.com,6878f552b7df743e0404717e,India,Madhya Pradesh,Murwas,464114,Block - Arera Line 117,WORK,TRUE,2026-02-13T06:04:18.278Z,2026-03-02T07:39:54.580Z,9.18E+11
69a6ab7f78007284396be982,DummyTestOrg,ujjain clinic 119,8291673494,user_118@gmail.com,6878f552b7df743e0404717e,India,Madhya Pradesh,Ujjain,456001,Block - Lateri Line 118,WORK,TRUE,2026-02-13T06:04:18.278Z,2026-03-02T07:39:54.580Z,9.18E+11
69a6ab7f78007284396be982,DummyTestOrg,ujjain clinic 120,8865011870,user_119@gmail.com,6878f552b7df743e0404717e,India,Madhya Pradesh,Ujjain,456001,Block - Arera Line 119,WORK,TRUE,2026-02-13T06:04:18.278Z,2026-03-02T07:39:54.580Z,9.19E+11
69a6ab7f78007284396be982,DummyTestOrg,ratlam clinic 121,9147536911,user_120@gmail.com,6878f552b7df743e0404717e,India,Madhya Pradesh,Ratlam,457001,Block - Vijay Line 120,WORK,TRUE,2026-02-13T06:04:18.278Z,2026-03-02T07:39:54.580Z,9.19E+11
69a6ab7f78007284396be982,DummyTestOrg,rewa clinic 122,7626394218,user_121@gmail.com,6878f552b7df743e0404717e,India,Madhya Pradesh,Rewa,486001,Block - Vijay Line 121,WORK,TRUE,2026-02-13T06:04:18.278Z,2026-03-02T07:39:54.580Z,9.18E+11
69a6ab7f78007284396be982,DummyTestOrg,indore clinic 123,9853577987,user_122@gmail.com,6878f552b7df743e0404717e,India,Madhya Pradesh,Indore,452001,Block - Lateri Line 122,WORK,TRUE,2026-02-13T06:04:18.278Z,2026-03-02T07:39:54.580Z,9.20E+11
69a6ab7f78007284396be982,DummyTestOrg,bhopal clinic 124,8929478119,user_123@gmail.com,6878f552b7df743e0404717e,India,Madhya Pradesh,Bhopal,462001,Block - Arera Line 123,WORK,TRUE,2026-02-13T06:04:18.278Z,2026-03-02T07:39:54.580Z,9.19E+11
69a6ab7f78007284396be982,DummyTestOrg,murwas clinic 125,9825573514,user_124@gmail.com,6878f552b7df743e0404717e,India,Madhya Pradesh,Murwas,464114,Block - Arera Line 124,WORK,TRUE,2026-02-13T06:04:18.278Z,2026-03-02T07:39:54.580Z,9.20E+11
69a6ab7f78007284396be982,DummyTestOrg,murwas clinic 126,9706578133,user_125@gmail.com,6878f552b7df743e0404717e,India,Madhya Pradesh,Murwas,464114,Block - Arera Line 125,WORK,TRUE,2026-02-13T06:04:18.278Z,2026-03-02T07:39:54.580Z,9.20E+11
69a6ab7f78007284396be982,DummyTestOrg,jabalpur clinic 127,8632137603,user_126@gmail.com,6878f552b7df743e0404717e,India,Madhya Pradesh,Jabalpur,482001,Block - Vijay Line 126,WORK,TRUE,2026-02-13T06:04:18.278Z,2026-03-02T07:39:54.580Z,9.19E+11
69a6ab7f78007284396be982,DummyTestOrg,rewa clinic 128,7858856274,user_127@gmail.com,6878f552b7df743e0404717e,India,Madhya Pradesh,Rewa,486001,Block - Lateri Line 127,WORK,TRUE,2026-02-13T06:04:18.278Z,2026-03-02T07:39:54.580Z,9.18E+11
69a6ab7f78007284396be982,DummyTestOrg,ujjain clinic 129,7775763954,user_128@gmail.com,6878f552b7df743e0404717e,India,Madhya Pradesh,Ujjain,456001,Block - Lateri Line 128,WORK,TRUE,2026-02-13T06:04:18.278Z,2026-03-02T07:39:54.580Z,9.18E+11
69a6ab7f78007284396be982,DummyTestOrg,ratlam clinic 130,8518418057,user_129@gmail.com,6878f552b7df743e0404717e,India,Madhya Pradesh,Ratlam,457001,Block - Vijay Line 129,WORK,TRUE,2026-02-13T06:04:18.278Z,2026-03-02T07:39:54.580Z,9.19E+11
69a6ab7f78007284396be982,DummyTestOrg,bhopal clinic 131,7515105603,user_130@gmail.com,6878f552b7df743e0404717e,India,Madhya Pradesh,Bhopal,462001,Block - Civil Line 130,WORK,TRUE,2026-02-13T06:04:18.278Z,2026-03-02T07:39:54.580Z,9.18E+11
69a6ab7f78007284396be982,DummyTestOrg,gwalior clinic 132,8267645287,user_131@gmail.com,6878f552b7df743e0404717e,India,Madhya Pradesh,Gwalior,474001,Block - Civil Line 131,WORK,TRUE,2026-02-13T06:04:18.278Z,2026-03-02T07:39:54.580Z,9.18E+11
69a6ab7f78007284396be982,DummyTestOrg,jabalpur clinic 133,8899080783,user_132@gmail.com,6878f552b7df743e0404717e,India,Madhya Pradesh,Jabalpur,482001,Block - Lateri Line 132,WORK,TRUE,2026-02-13T06:04:18.278Z,2026-03-02T07:39:54.580Z,9.19E+11
69a6ab7f78007284396be982,DummyTestOrg,murwas clinic 134,7578882992,user_133@gmail.com,6878f552b7df743e0404717e,India,Madhya Pradesh,Murwas,464114,Block - Lateri Line 133,WORK,TRUE,2026-02-13T06:04:18.278Z,2026-03-02T07:39:54.580Z,9.18E+11
69a6ab7f78007284396be982,DummyTestOrg,murwas clinic 135,7527622501,user_134@gmail.com,6878f552b7df743e0404717e,India,Madhya Pradesh,Murwas,464114,Block - Lateri Line 134,WORK,TRUE,2026-02-13T06:04:18.278Z,2026-03-02T07:39:54.580Z,9.18E+11
69a6ab7f78007284396be982,DummyTestOrg,rewa clinic 136,8605450632,user_135@gmail.com,6878f552b7df743e0404717e,India,Madhya Pradesh,Rewa,486001,Block - Lateri Line 135,WORK,TRUE,2026-02-13T06:04:18.278Z,2026-03-02T07:39:54.580Z,9.19E+11
69a6ab7f78007284396be982,DummyTestOrg,murwas clinic 137,9286243678,user_136@gmail.com,6878f552b7df743e0404717e,India,Madhya Pradesh,Murwas,464114,Block - Lateri Line 136,WORK,TRUE,2026-02-13T06:04:18.278Z,2026-03-02T07:39:54.580Z,9.19E+11
69a6ab7f78007284396be982,DummyTestOrg,ujjain clinic 138,8413777774,user_137@gmail.com,6878f552b7df743e0404717e,India,Madhya Pradesh,Ujjain,456001,Block - Lateri Line 137,WORK,TRUE,2026-02-13T06:04:18.278Z,2026-03-02T07:39:54.580Z,9.18E+11
69a6ab7f78007284396be982,DummyTestOrg,rewa clinic 139,7365160226,user_138@gmail.com,6878f552b7df743e0404717e,India,Madhya Pradesh,Rewa,486001,Block - Vijay Line 138,WORK,TRUE,2026-02-13T06:04:18.278Z,2026-03-02T07:39:54.580Z,9.17E+11
69a6ab7f78007284396be982,DummyTestOrg,murwas clinic 140,8516898901,user_139@gmail.com,6878f552b7df743e0404717e,India,Madhya Pradesh,Murwas,464114,Block - Vijay Line 139,WORK,TRUE,2026-02-13T06:04:18.278Z,2026-03-02T07:39:54.580Z,9.19E+11
69a6ab7f78007284396be982,DummyTestOrg,gwalior clinic 141,8281338427,user_140@gmail.com,6878f552b7df743e0404717e,India,Madhya Pradesh,Gwalior,474001,Block - Lateri Line 140,WORK,TRUE,2026-02-13T06:04:18.278Z,2026-03-02T07:39:54.580Z,9.18E+11
69a6ab7f78007284396be982,DummyTestOrg,bhopal clinic 142,7008169438,user_141@gmail.com,6878f552b7df743e0404717e,India,Madhya Pradesh,Bhopal,462001,Block - Civil Line 141,WORK,TRUE,2026-02-13T06:04:18.278Z,2026-03-02T07:39:54.580Z,9.17E+11
69a6ab7f78007284396be982,DummyTestOrg,sagar clinic 143,7201531386,user_142@gmail.com,6878f552b7df743e0404717e,India,Madhya Pradesh,Sagar,470001,Block - Vijay Line 142,WORK,TRUE,2026-02-13T06:04:18.278Z,2026-03-02T07:39:54.580Z,9.17E+11
69a6ab7f78007284396be982,DummyTestOrg,jabalpur clinic 144,9733902658,user_143@gmail.com,6878f552b7df743e0404717e,India,Madhya Pradesh,Jabalpur,482001,Block - Vijay Line 143,WORK,TRUE,2026-02-13T06:04:18.278Z,2026-03-02T07:39:54.580Z,9.20E+11
69a6ab7f78007284396be982,DummyTestOrg,indore clinic 145,7459313250,user_144@gmail.com,6878f552b7df743e0404717e,India,Madhya Pradesh,Indore,452001,Block - Lateri Line 144,WORK,TRUE,2026-02-13T06:04:18.278Z,2026-03-02T07:39:54.580Z,9.17E+11
69a6ab7f78007284396be982,DummyTestOrg,rewa clinic 146,8419128934,user_145@gmail.com,6878f552b7df743e0404717e,India,Madhya Pradesh,Rewa,486001,Block - Civil Line 145,WORK,TRUE,2026-02-13T06:04:18.278Z,2026-03-02T07:39:54.580Z,9.18E+11
69a6ab7f78007284396be982,DummyTestOrg,gwalior clinic 147,8597505105,user_146@gmail.com,6878f552b7df743e0404717e,India,Madhya Pradesh,Gwalior,474001,Block - Lateri Line 146,WORK,TRUE,2026-02-13T06:04:18.278Z,2026-03-02T07:39:54.580Z,9.19E+11
69a6ab7f78007284396be982,DummyTestOrg,murwas clinic 148,8218007600,user_147@gmail.com,6878f552b7df743e0404717e,India,Madhya Pradesh,Murwas,464114,Block - Lateri Line 147,WORK,TRUE,2026-02-13T06:04:18.278Z,2026-03-02T07:39:54.580Z,9.18E+11
69a6ab7f78007284396be982,DummyTestOrg,ratlam clinic 149,9287481015,user_148@gmail.com,6878f552b7df743e0404717e,India,Madhya Pradesh,Ratlam,457001,Block - Lateri Line 148,WORK,TRUE,2026-02-13T06:04:18.278Z,2026-03-02T07:39:54.580Z,9.19E+11
69a6ab7f78007284396be982,DummyTestOrg,ujjain clinic 150,9908761728,user_149@gmail.com,6878f552b7df743e0404717e,India,Madhya Pradesh,Ujjain,456001,Block - Lateri Line 149,WORK,TRUE,2026-02-13T06:04:18.278Z,2026-03-02T07:39:54.580Z,9.20E+11
69a6ab7f78007284396be982,DummyTestOrg,ujjain clinic 151,7705090528,user_150@gmail.com,6878f552b7df743e0404717e,India,Madhya Pradesh,Ujjain,456001,Block - Vijay Line 150,WORK,TRUE,2026-02-13T06:04:18.278Z,2026-03-02T07:39:54.580Z,9.18E+11
69a6ab7f78007284396be982,DummyTestOrg,ujjain clinic 152,8234013002,user_151@gmail.com,6878f552b7df743e0404717e,India,Madhya Pradesh,Ujjain,456001,Block - Civil Line 151,WORK,TRUE,2026-02-13T06:04:18.278Z,2026-03-02T07:39:54.580Z,9.18E+11
69a6ab7f78007284396be982,DummyTestOrg,bhopal clinic 153,7990358054,user_152@gmail.com,6878f552b7df743e0404717e,India,Madhya Pradesh,Bhopal,462001,Block - Lateri Line 152,WORK,TRUE,2026-02-13T06:04:18.278Z,2026-03-02T07:39:54.580Z,9.18E+11
69a6ab7f78007284396be982,DummyTestOrg,indore clinic 154,8019676407,user_153@gmail.com,6878f552b7df743e0404717e,India,Madhya Pradesh,Indore,452001,Block - Arera Line 153,WORK,TRUE,2026-02-13T06:04:18.278Z,2026-03-02T07:39:54.580Z,9.18E+11
69a6ab7f78007284396be982,DummyTestOrg,murwas clinic 155,8997470366,user_154@gmail.com,6878f552b7df743e0404717e,India,Madhya Pradesh,Murwas,464114,Block - Vijay Line 154,WORK,TRUE,2026-02-13T06:04:18.278Z,2026-03-02T07:39:54.580Z,9.19E+11
69a6ab7f78007284396be982,DummyTestOrg,jabalpur clinic 156,8934999692,user_155@gmail.com,6878f552b7df743e0404717e,India,Madhya Pradesh,Jabalpur,482001,Block - Civil Line 155,WORK,TRUE,2026-02-13T06:04:18.278Z,2026-03-02T07:39:54.580Z,9.19E+11
69a6ab7f78007284396be982,DummyTestOrg,sagar clinic 157,7987111770,user_156@gmail.com,6878f552b7df743e0404717e,India,Madhya Pradesh,Sagar,470001,Block - Arera Line 156,WORK,TRUE,2026-02-13T06:04:18.278Z,2026-03-02T07:39:54.580Z,9.18E+11
69a6ab7f78007284396be982,DummyTestOrg,sagar clinic 158,7201191342,user_157@gmail.com,6878f552b7df743e0404717e,India,Madhya Pradesh,Sagar,470001,Block - Arera Line 157,WORK,TRUE,2026-02-13T06:04:18.278Z,2026-03-02T07:39:54.580Z,9.17E+11
69a6ab7f78007284396be982,DummyTestOrg,indore clinic 159,9258289294,user_158@gmail.com,6878f552b7df743e0404717e,India,Madhya Pradesh,Indore,452001,Block - Arera Line 158,WORK,TRUE,2026-02-13T06:04:18.278Z,2026-03-02T07:39:54.580Z,9.19E+11
69a6ab7f78007284396be982,DummyTestOrg,indore clinic 160,7092957744,user_159@gmail.com,6878f552b7df743e0404717e,India,Madhya Pradesh,Indore,452001,Block - Vijay Line 159,WORK,TRUE,2026-02-13T06:04:18.278Z,2026-03-02T07:39:54.580Z,9.17E+11
69a6ab7f78007284396be982,DummyTestOrg,ujjain clinic 161,8357463536,user_160@gmail.com,6878f552b7df743e0404717e,India,Madhya Pradesh,Ujjain,456001,Block - Lateri Line 160,WORK,TRUE,2026-02-13T06:04:18.278Z,2026-03-02T07:39:54.580Z,9.18E+11
69a6ab7f78007284396be982,DummyTestOrg,gwalior clinic 162,7604017772,user_161@gmail.com,6878f552b7df743e0404717e,India,Madhya Pradesh,Gwalior,474001,Block - Vijay Line 161,WORK,TRUE,2026-02-13T06:04:18.278Z,2026-03-02T07:39:54.580Z,9.18E+11
69a6ab7f78007284396be982,DummyTestOrg,sagar clinic 163,8998409775,user_162@gmail.com,6878f552b7df743e0404717e,India,Madhya Pradesh,Sagar,470001,Block - Lateri Line 162,WORK,TRUE,2026-02-13T06:04:18.278Z,2026-03-02T07:39:54.580Z,9.19E+11
69a6ab7f78007284396be982,DummyTestOrg,jabalpur clinic 164,9744003781,user_163@gmail.com,6878f552b7df743e0404717e,India,Madhya Pradesh,Jabalpur,482001,Block - Vijay Line 163,WORK,TRUE,2026-02-13T06:04:18.278Z,2026-03-02T07:39:54.580Z,9.20E+11
69a6ab7f78007284396be982,DummyTestOrg,indore clinic 165,7656926285,user_164@gmail.com,6878f552b7df743e0404717e,India,Madhya Pradesh,Indore,452001,Block - Arera Line 164,WORK,TRUE,2026-02-13T06:04:18.278Z,2026-03-02T07:39:54.580Z,9.18E+11
69a6ab7f78007284396be982,DummyTestOrg,ratlam clinic 166,8119546227,user_165@gmail.com,6878f552b7df743e0404717e,India,Madhya Pradesh,Ratlam,457001,Block - Vijay Line 165,WORK,TRUE,2026-02-13T06:04:18.278Z,2026-03-02T07:39:54.580Z,9.18E+11
69a6ab7f78007284396be982,DummyTestOrg,sagar clinic 167,9637546979,user_166@gmail.com,6878f552b7df743e0404717e,India,Madhya Pradesh,Sagar,470001,Block - Vijay Line 166,WORK,TRUE,2026-02-13T06:04:18.278Z,2026-03-02T07:39:54.580Z,9.20E+11
69a6ab7f78007284396be982,DummyTestOrg,bhopal clinic 168,9403951079,user_167@gmail.com,6878f552b7df743e0404717e,India,Madhya Pradesh,Bhopal,462001,Block - Lateri Line 167,WORK,TRUE,2026-02-13T06:04:18.278Z,2026-03-02T07:39:54.580Z,9.19E+11
69a6ab7f78007284396be982,DummyTestOrg,bhopal clinic 169,9690931465,user_168@gmail.com,6878f552b7df743e0404717e,India,Madhya Pradesh,Bhopal,462001,Block - Civil Line 168,WORK,TRUE,2026-02-13T06:04:18.278Z,2026-03-02T07:39:54.580Z,9.20E+11
69a6ab7f78007284396be982,DummyTestOrg,jabalpur clinic 170,8007869398,user_169@gmail.com,6878f552b7df743e0404717e,India,Madhya Pradesh,Jabalpur,482001,Block - Lateri Line 169,WORK,TRUE,2026-02-13T06:04:18.278Z,2026-03-02T07:39:54.580Z,9.18E+11
69a6ab7f78007284396be982,DummyTestOrg,jabalpur clinic 171,8714573220,user_170@gmail.com,6878f552b7df743e0404717e,India,Madhya Pradesh,Jabalpur,482001,Block - Lateri Line 170,WORK,TRUE,2026-02-13T06:04:18.278Z,2026-03-02T07:39:54.580Z,9.19E+11
69a6ab7f78007284396be982,DummyTestOrg,gwalior clinic 172,7343859496,user_171@gmail.com,6878f552b7df743e0404717e,India,Madhya Pradesh,Gwalior,474001,Block - Vijay Line 171,WORK,TRUE,2026-02-13T06:04:18.278Z,2026-03-02T07:39:54.580Z,9.17E+11
69a6ab7f78007284396be982,DummyTestOrg,jabalpur clinic 173,9324585167,user_172@gmail.com,6878f552b7df743e0404717e,India,Madhya Pradesh,Jabalpur,482001,Block - Vijay Line 172,WORK,TRUE,2026-02-13T06:04:18.278Z,2026-03-02T07:39:54.580Z,9.19E+11
69a6ab7f78007284396be982,DummyTestOrg,ratlam clinic 174,7531008972,user_173@gmail.com,6878f552b7df743e0404717e,India,Madhya Pradesh,Ratlam,457001,Block - Lateri Line 173,WORK,TRUE,2026-02-13T06:04:18.278Z,2026-03-02T07:39:54.580Z,9.18E+11
69a6ab7f78007284396be982,DummyTestOrg,ratlam clinic 175,7294823901,user_174@gmail.com,6878f552b7df743e0404717e,India,Madhya Pradesh,Ratlam,457001,Block - Civil Line 174,WORK,TRUE,2026-02-13T06:04:18.278Z,2026-03-02T07:39:54.580Z,9.17E+11
69a6ab7f78007284396be982,DummyTestOrg,bhopal clinic 176,8985873400,user_175@gmail.com,6878f552b7df743e0404717e,India,Madhya Pradesh,Bhopal,462001,Block - Civil Line 175,WORK,TRUE,2026-02-13T06:04:18.278Z,2026-03-02T07:39:54.580Z,9.19E+11
69a6ab7f78007284396be982,DummyTestOrg,rewa clinic 177,8466065030,user_176@gmail.com,6878f552b7df743e0404717e,India,Madhya Pradesh,Rewa,486001,Block - Lateri Line 176,WORK,TRUE,2026-02-13T06:04:18.278Z,2026-03-02T07:39:54.580Z,9.18E+11
69a6ab7f78007284396be982,DummyTestOrg,ratlam clinic 178,7589024417,user_177@gmail.com,6878f552b7df743e0404717e,India,Madhya Pradesh,Ratlam,457001,Block - Civil Line 177,WORK,TRUE,2026-02-13T06:04:18.278Z,2026-03-02T07:39:54.580Z,9.18E+11
69a6ab7f78007284396be982,DummyTestOrg,indore clinic 179,9140582263,user_178@gmail.com,6878f552b7df743e0404717e,India,Madhya Pradesh,Indore,452001,Block - Vijay Line 178,WORK,TRUE,2026-02-13T06:04:18.278Z,2026-03-02T07:39:54.580Z,9.19E+11
69a6ab7f78007284396be982,DummyTestOrg,rewa clinic 180,7271524426,user_179@gmail.com,6878f552b7df743e0404717e,India,Madhya Pradesh,Rewa,486001,Block - Civil Line 179,WORK,TRUE,2026-02-13T06:04:18.278Z,2026-03-02T07:39:54.580Z,9.17E+11
69a6ab7f78007284396be982,DummyTestOrg,gwalior clinic 181,7595000240,user_180@gmail.com,6878f552b7df743e0404717e,India,Madhya Pradesh,Gwalior,474001,Block - Lateri Line 180,WORK,TRUE,2026-02-13T06:04:18.278Z,2026-03-02T07:39:54.580Z,9.18E+11
69a6ab7f78007284396be982,DummyTestOrg,indore clinic 182,9617953422,user_181@gmail.com,6878f552b7df743e0404717e,India,Madhya Pradesh,Indore,452001,Block - Lateri Line 181,WORK,TRUE,2026-02-13T06:04:18.278Z,2026-03-02T07:39:54.580Z,9.20E+11
69a6ab7f78007284396be982,DummyTestOrg,rewa clinic 183,8174712076,user_182@gmail.com,6878f552b7df743e0404717e,India,Madhya Pradesh,Rewa,486001,Block - Arera Line 182,WORK,TRUE,2026-02-13T06:04:18.278Z,2026-03-02T07:39:54.580Z,9.18E+11
69a6ab7f78007284396be982,DummyTestOrg,gwalior clinic 184,9595791937,user_183@gmail.com,6878f552b7df743e0404717e,India,Madhya Pradesh,Gwalior,474001,Block - Vijay Line 183,WORK,TRUE,2026-02-13T06:04:18.278Z,2026-03-02T07:39:54.580Z,9.20E+11
69a6ab7f78007284396be982,DummyTestOrg,bhopal clinic 185,7836510241,user_184@gmail.com,6878f552b7df743e0404717e,India,Madhya Pradesh,Bhopal,462001,Block - Civil Line 184,WORK,TRUE,2026-02-13T06:04:18.278Z,2026-03-02T07:39:54.580Z,9.18E+11
69a6ab7f78007284396be982,DummyTestOrg,ratlam clinic 186,9031271613,user_185@gmail.com,6878f552b7df743e0404717e,India,Madhya Pradesh,Ratlam,457001,Block - Civil Line 185,WORK,TRUE,2026-02-13T06:04:18.278Z,2026-03-02T07:39:54.580Z,9.19E+11
69a6ab7f78007284396be982,DummyTestOrg,rewa clinic 187,8318676832,user_186@gmail.com,6878f552b7df743e0404717e,India,Madhya Pradesh,Rewa,486001,Block - Civil Line 186,WORK,TRUE,2026-02-13T06:04:18.278Z,2026-03-02T07:39:54.580Z,9.18E+11
69a6ab7f78007284396be982,DummyTestOrg,ujjain clinic 188,7329622864,user_187@gmail.com,6878f552b7df743e0404717e,India,Madhya Pradesh,Ujjain,456001,Block - Vijay Line 187,WORK,TRUE,2026-02-13T06:04:18.278Z,2026-03-02T07:39:54.580Z,9.17E+11
69a6ab7f78007284396be982,DummyTestOrg,sagar clinic 189,8044892881,user_188@gmail.com,6878f552b7df743e0404717e,India,Madhya Pradesh,Sagar,470001,Block - Civil Line 188,WORK,TRUE,2026-02-13T06:04:18.278Z,2026-03-02T07:39:54.580Z,9.18E+11
69a6ab7f78007284396be982,DummyTestOrg,rewa clinic 190,7240825740,user_189@gmail.com,6878f552b7df743e0404717e,India,Madhya Pradesh,Rewa,486001,Block - Lateri Line 189,WORK,TRUE,2026-02-13T06:04:18.278Z,2026-03-02T07:39:54.580Z,9.17E+11
69a6ab7f78007284396be982,DummyTestOrg,bhopal clinic 191,9917794197,user_190@gmail.com,6878f552b7df743e0404717e,India,Madhya Pradesh,Bhopal,462001,Block - Civil Line 190,WORK,TRUE,2026-02-13T06:04:18.278Z,2026-03-02T07:39:54.580Z,9.20E+11
69a6ab7f78007284396be982,DummyTestOrg,ratlam clinic 192,7822368346,user_191@gmail.com,6878f552b7df743e0404717e,India,Madhya Pradesh,Ratlam,457001,Block - Vijay Line 191,WORK,TRUE,2026-02-13T06:04:18.278Z,2026-03-02T07:39:54.580Z,9.18E+11
69a6ab7f78007284396be982,DummyTestOrg,gwalior clinic 193,7882472952,user_192@gmail.com,6878f552b7df743e0404717e,India,Madhya Pradesh,Gwalior,474001,Block - Lateri Line 192,WORK,TRUE,2026-02-13T06:04:18.278Z,2026-03-02T07:39:54.580Z,9.18E+11
69a6ab7f78007284396be982,DummyTestOrg,ujjain clinic 194,8295069071,user_193@gmail.com,6878f552b7df743e0404717e,India,Madhya Pradesh,Ujjain,456001,Block - Vijay Line 193,WORK,TRUE,2026-02-13T06:04:18.278Z,2026-03-02T07:39:54.580Z,9.18E+11
69a6ab7f78007284396be982,DummyTestOrg,jabalpur clinic 195,9877043940,user_194@gmail.com,6878f552b7df743e0404717e,India,Madhya Pradesh,Jabalpur,482001,Block - Arera Line 194,WORK,TRUE,2026-02-13T06:04:18.278Z,2026-03-02T07:39:54.580Z,9.20E+11
69a6ab7f78007284396be982,DummyTestOrg,rewa clinic 196,9324114627,user_195@gmail.com,6878f552b7df743e0404717e,India,Madhya Pradesh,Rewa,486001,Block - Civil Line 195,WORK,TRUE,2026-02-13T06:04:18.278Z,2026-03-02T07:39:54.580Z,9.19E+11
69a6ab7f78007284396be982,DummyTestOrg,indore clinic 197,9246589239,user_196@gmail.com,6878f552b7df743e0404717e,India,Madhya Pradesh,Indore,452001,Block - Civil Line 196,WORK,TRUE,2026-02-13T06:04:18.278Z,2026-03-02T07:39:54.580Z,9.19E+11
69a6ab7f78007284396be982,DummyTestOrg,murwas clinic 198,9945800756,user_197@gmail.com,6878f552b7df743e0404717e,India,Madhya Pradesh,Murwas,464114,Block - Lateri Line 197,WORK,TRUE,2026-02-13T06:04:18.278Z,2026-03-02T07:39:54.580Z,9.20E+11
69a6ab7f78007284396be982,DummyTestOrg,ratlam clinic 199,9024294661,user_198@gmail.com,6878f552b7df743e0404717e,India,Madhya Pradesh,Ratlam,457001,Block - Vijay Line 198,WORK,TRUE,2026-02-13T06:04:18.278Z,2026-03-02T07:39:54.580Z,9.19E+11
69a6ab7f78007284396be982,DummyTestOrg,jabalpur clinic 200,7239217691,user_199@gmail.com,6878f552b7df743e0404717e,India,Madhya Pradesh,Jabalpur,482001,Block - Vijay Line 199,WORK,TRUE,2026-02-13T06:04:18.278Z,2026-03-02T07:39:54.580Z,9.17E+11
